id,From_Node,To_Node,FACTYPE,am_vol,md_vol,pm_vol,day_vol
217670,200080971,200557768,7,0.000,0.000,0.000,0.000
217670,200557768,200080971,7,0.000,0.000,0.000,0.000
217671,200552704,200559599,7,0.000,0.000,0.000,0.000
217671,200559599,200552704,7,0.000,0.000,0.000,0.000
217672,200548822,200553600,7,0.000,0.000,0.000,0.000
217672,200553600,200548822,7,0.000,0.000,0.000,0.000
217673,200553600,200556924,5,460.053,118.529,83.665,895.779
217673,200556924,200553600,5,412.051,136.626,111.500,793.837
217674,200556638,200560704,7,0.000,0.000,0.000,0.000
217674,200560704,200556638,7,0.000,0.000,0.000,0.000
217675,200551627,200553600,5,460.053,118.529,83.665,895.779
217675,200553600,200551627,5,412.051,136.626,111.500,793.837
217676,200550650,200557072,7,0.000,0.000,0.000,0.000
217676,200557072,200550650,7,0.000,0.000,0.000,0.000
217677,200547786,200559304,7,0.000,0.000,0.000,0.000
217677,200559304,200547786,7,0.000,0.000,0.000,0.000
217678,200547786,200557187,7,0.000,0.000,0.000,0.000
217678,200557187,200547786,7,0.000,0.000,0.000,0.000
217679,200549279,200557179,7,0.000,0.000,0.000,0.000
217679,200557179,200549279,7,0.000,0.000,0.000,0.000
217680,200551627,200557179,5,412.051,136.626,111.500,793.837
217680,200557179,200551627,5,460.053,118.529,83.665,895.779
217681,200553251,200558627,3,1575.181,467.624,396.785,3008.532
217681,200558627,200553251,3,2147.683,578.497,494.966,4089.405
217682,200551889,200561808,7,113.625,32.380,27.566,215.714
217682,200561808,200551889,7,112.023,31.239,28.881,216.315
217683,200557179,200561289,5,412.051,136.626,111.500,793.837
217683,200561289,200557179,5,460.053,118.529,83.665,895.779
217684,200553075,200560835,7,0.000,0.000,0.000,0.000
217684,200560835,200553075,7,0.000,0.000,0.000,0.000
217685,200550791,200554046,7,0.000,0.000,0.000,0.000
217685,200554046,200550791,7,0.000,0.000,0.000,0.000
217686,200556723,200557072,7,0.000,0.000,0.000,0.000
217686,200557072,200556723,7,0.000,0.000,0.000,0.000
217687,200547628,200556723,7,0.000,0.000,0.000,0.000
217687,200556723,200547628,7,0.000,0.000,0.000,0.000
217688,200550109,200559599,7,0.000,0.000,0.000,0.000
217688,200559599,200550109,7,0.000,0.000,0.000,0.000
217689,200547786,200550109,7,0.000,0.000,0.000,0.000
217689,200550109,200547786,7,0.000,0.000,0.000,0.000
217690,200548919,200561289,5,460.053,118.529,83.665,895.779
217690,200561289,200548919,5,412.051,136.626,111.500,793.837
217691,200547935,200558627,3,2147.683,578.497,494.966,4089.405
217691,200558627,200547935,3,1575.181,467.624,396.785,3008.532
217692,200558773,200560798,5,639.520,146.749,96.131,1326.358
217692,200560798,200558773,5,425.470,133.491,106.938,809.873
217693,200549423,200559599,7,0.000,0.000,0.000,0.000
217693,200559599,200549423,7,0.000,0.000,0.000,0.000
217694,200554896,200561808,7,0.000,0.000,0.000,0.000
217694,200561808,200554896,7,0.000,0.000,0.000,0.000
217695,200551028,200552358,5,0.000,0.000,0.000,0.000
217695,200552358,200551028,5,488.085,136.644,149.337,962.394
217698,200552704,200558061,7,0.000,0.000,0.000,0.000
217698,200558061,200552704,7,0.000,0.000,0.000,0.000
217699,200549423,200558061,7,0.000,0.000,0.000,0.000
217699,200558061,200549423,7,0.000,0.000,0.000,0.000
217700,200548749,200558773,5,639.520,146.749,96.131,1326.358
217700,200558773,200548749,5,425.470,133.491,106.938,809.873
217701,200548749,200557072,7,0.000,0.000,0.000,0.000
217701,200557072,200548749,7,0.000,0.000,0.000,0.000
217702,200548919,200559080,5,337.736,119.305,79.005,659.295
217702,200559080,200548919,5,390.835,103.753,79.619,763.102
217704,200550270,200556723,7,0.000,0.000,0.000,0.000
217704,200556723,200550270,7,0.000,0.000,0.000,0.000
217705,200550270,200552358,7,43.514,8.435,6.660,74.360
217705,200552358,200550270,7,17.313,2.651,3.060,33.068
217706,200553600,200555707,7,0.000,0.000,0.000,0.000
217706,200555707,200553600,7,0.000,0.000,0.000,0.000
217707,200547935,200561160,5,1309.395,383.861,359.486,2420.321
217707,200561160,200547935,5,1385.391,362.739,275.225,2628.999
217708,200551028,200551772,5,488.085,136.644,149.337,962.394
217708,200551772,200551028,5,0.000,0.000,0.000,0.000
217709,200551772,200553075,7,0.000,0.000,0.000,0.000
217709,200553075,200551772,7,0.000,0.000,0.000,0.000
217710,200547935,200558996,3,1195.943,351.318,261.174,2371.236
217710,200558996,200547935,3,1692.449,483.312,443.616,3243.431
217711,200549579,200553075,7,0.000,0.000,0.000,0.000
217711,200553075,200549579,7,0.000,0.000,0.000,0.000
217712,200556449,200560452,7,0.000,0.000,0.000,0.000
217712,200560452,200556449,7,0.000,0.000,0.000,0.000
217713,200556531,200558061,7,0.000,0.000,0.000,0.000
217713,200558061,200556531,7,0.000,0.000,0.000,0.000
217714,200547247,200554046,7,0.000,0.000,0.000,0.000
217714,200554046,200547247,7,0.000,0.000,0.000,0.000
217715,200069980,200559751,5,0.000,0.000,0.000,0.000
217715,200559751,200069980,5,31.324,5.526,4.029,62.117
217716,200069980,200551772,5,0.000,0.000,0.000,0.000
217716,200551772,200069980,5,488.085,136.644,149.337,962.394
217717,200548749,200555851,5,425.470,133.491,106.938,809.873
217717,200555851,200548749,5,639.520,146.749,96.131,1326.358
217868,200558061,200561305,7,0.000,0.000,0.000,0.000
217868,200561305,200558061,7,0.000,0.000,0.000,0.000
217869,200551930,200555851,5,639.520,146.749,96.131,1326.358
217869,200555851,200551930,5,425.470,133.491,106.938,809.873
217870,200550270,200551930,7,17.313,2.651,3.060,33.068
217870,200551930,200550270,7,43.514,8.435,6.660,74.360
217871,200551930,200557367,5,31.324,5.526,4.029,62.117
217871,200557367,200551930,5,0.000,0.000,0.000,0.000
217872,200550270,200557367,7,0.000,0.000,0.000,0.000
217872,200557367,200550270,7,0.000,0.000,0.000,0.000
217873,200557367,200559751,5,31.324,5.526,4.029,62.117
217873,200559751,200557367,5,0.000,0.000,0.000,0.000
217874,200553505,200560452,7,0.000,0.000,0.000,0.000
217874,200560452,200553505,7,0.000,0.000,0.000,0.000
217875,200549423,200560603,7,0.000,0.000,0.000,0.000
217875,200560603,200549423,7,0.000,0.000,0.000,0.000
217876,200550109,200560603,7,0.000,0.000,0.000,0.000
217876,200560603,200550109,7,0.000,0.000,0.000,0.000
217877,200548749,200556687,7,0.000,0.000,0.000,0.000
217877,200556687,200548749,7,0.000,0.000,0.000,0.000
217878,200547389,200561160,5,1385.391,362.739,275.225,2628.999
217878,200561160,200547389,5,1309.395,383.861,359.486,2420.321
217879,200547389,200552804,7,0.000,0.000,0.000,0.000
217879,200552804,200547389,7,0.000,0.000,0.000,0.000
217880,200548906,200557768,7,136.405,29.294,22.747,295.582
217880,200557768,200548906,7,92.793,12.232,16.257,177.752
217881,200554349,200558773,7,0.000,0.000,0.000,0.000
217881,200558773,200554349,7,0.000,0.000,0.000,0.000
217882,200548906,200561431,6,84.265,9.418,12.227,161.522
217882,200561431,200548906,6,129.071,30.466,19.905,279.190
217883,200552085,200561289,7,0.000,0.000,0.000,0.000
217883,200561289,200552085,7,0.000,0.000,0.000,0.000
217884,200558321,200561431,7,130.131,29.127,17.682,279.263
217884,200561431,200558321,7,84.570,8.410,10.518,161.463
217885,200547389,200548222,5,1309.395,383.861,359.486,2420.321
217885,200548222,200547389,5,1385.391,362.739,275.225,2628.999
217886,200548690,200558321,7,130.131,29.127,17.682,279.263
217886,200558321,200548690,7,84.570,8.410,10.518,161.463
217887,200069980,200559072,5,519.409,142.170,153.366,1024.511
217887,200559072,200069980,5,0.000,0.000,0.000,0.000
217888,200547543,200555166,7,0.000,0.000,0.000,0.000
217888,200555166,200547543,7,0.000,0.000,0.000,0.000
217889,200555166,200559072,7,195.410,39.610,32.236,396.533
217889,200559072,200555166,7,247.041,43.065,36.019,499.444
217890,200552961,200555166,7,195.410,39.610,32.236,396.533
217890,200555166,200552961,7,247.041,43.065,36.019,499.444
217891,200548690,200558369,7,84.570,8.410,10.518,161.463
217891,200558369,200548690,7,130.131,29.127,17.682,279.263
217892,200549046,200552961,7,195.410,39.610,32.236,396.533
217892,200552961,200549046,7,247.041,43.065,36.019,499.444
217893,200548919,200554497,7,193.696,45.717,54.534,347.399
217893,200554497,200548919,7,188.598,43.173,26.085,345.533
217894,200552085,200554497,7,0.000,0.000,0.000,0.000
217894,200554497,200552085,7,0.000,0.000,0.000,0.000
217895,200549046,200558369,7,126.710,32.248,18.816,278.747
217895,200558369,200549046,7,84.466,10.456,8.082,161.089
217896,200550566,200560448,7,0.000,0.000,0.000,0.000
217896,200560448,200550566,7,0.000,0.000,0.000,0.000
217897,200555707,200556013,7,0.000,0.000,0.000,0.000
217897,200556013,200555707,7,0.000,0.000,0.000,0.000
217898,200548361,200561808,7,112.023,31.239,28.881,216.315
217898,200561808,200548361,7,113.625,32.380,27.566,215.714
217899,200550566,200553788,7,0.000,0.000,0.000,0.000
217899,200553788,200550566,7,0.000,0.000,0.000,0.000
217900,200556531,200559214,7,0.000,0.000,0.000,0.000
217900,200559214,200556531,7,0.000,0.000,0.000,0.000
217901,200559214,200560603,7,0.000,0.000,0.000,0.000
217901,200560603,200559214,7,0.000,0.000,0.000,0.000
217902,200548361,200553788,7,205.717,72.725,64.945,383.612
217902,200553788,200548361,7,197.893,41.421,25.721,386.647
217903,200552115,200558996,3,1692.449,483.312,443.616,3243.431
217903,200558996,200552115,3,1195.943,351.318,261.174,2371.236
217905,200555502,200556531,7,0.000,0.000,0.000,0.000
217905,200556531,200555502,7,0.000,0.000,0.000,0.000
217906,200555502,200559214,7,0.000,0.000,0.000,0.000
217906,200559214,200555502,7,0.000,0.000,0.000,0.000
217907,200556687,200556828,7,0.000,0.000,0.000,0.000
217907,200556828,200556687,7,0.000,0.000,0.000,0.000
217908,200548222,200554651,7,741.345,194.106,180.726,1357.575
217908,200554651,200548222,7,761.413,217.829,183.977,1351.059
217909,200550706,200552115,3,1692.449,483.312,443.616,3243.431
217909,200552115,200550706,3,1195.943,351.318,261.174,2371.236
217910,200556828,200557678,7,0.000,0.000,0.000,0.000
217910,200557678,200556828,7,0.000,0.000,0.000,0.000
217911,200550012,200554375,7,0.000,0.000,0.000,0.000
217911,200554375,200550012,7,0.000,0.000,0.000,0.000
217912,200550012,200557678,7,0.000,0.000,0.000,0.000
217912,200557678,200550012,7,0.000,0.000,0.000,0.000
217913,200548222,200555474,5,894.519,270.397,238.108,1625.889
217913,200555474,200548222,5,950.448,225.552,150.596,1841.082
217914,200551930,200560891,6,442.783,136.142,109.998,842.941
217914,200560891,200551930,6,714.358,160.709,106.821,1462.835
217915,200551534,200555851,7,0.000,0.000,0.000,0.000
217915,200555851,200551534,7,0.000,0.000,0.000,0.000
218067,200551534,200560891,7,0.000,0.000,0.000,0.000
218067,200560891,200551534,7,0.000,0.000,0.000,0.000
218068,200551534,200557678,7,0.000,0.000,0.000,0.000
218068,200557678,200551534,7,0.000,0.000,0.000,0.000
218070,200548353,200550706,3,1692.449,483.312,443.616,3243.431
218070,200550706,200548353,3,1195.943,351.318,261.174,2371.236
218071,200553781,200559072,5,21.524,4.077,1.389,39.593
218071,200559072,200553781,5,489.303,142.792,150.973,961.193
218072,200553781,200559206,7,65.425,8.817,12.335,95.269
218072,200559206,200553781,7,63.098,12.187,4.961,95.797
218073,200552209,200558369,7,1.021,0.001,0.001,1.826
218073,200558369,200552209,7,1.019,0.001,1.001,2.326
218074,200552067,200560745,7,0.000,0.000,0.000,0.000
218074,200560745,200552067,7,0.000,0.000,0.000,0.000
218075,200548353,200558512,3,1195.943,351.318,261.174,2371.236
218075,200558512,200548353,3,1692.449,483.312,443.616,3243.431
218076,200549175,200552067,7,0.000,0.000,0.000,0.000
218076,200552067,200549175,7,0.000,0.000,0.000,0.000
218077,200549175,200554642,7,0.000,0.000,0.000,0.000
218077,200554642,200549175,7,0.000,0.000,0.000,0.000
218078,200558512,200560042,3,1195.943,351.318,261.174,2371.236
218078,200560042,200558512,3,1692.449,483.312,443.616,3243.431
218079,200549175,200556149,7,0.000,0.000,0.000,0.000
218079,200556149,200549175,7,0.000,0.000,0.000,0.000
218080,200549175,200561562,7,0.000,0.000,0.000,0.000
218080,200561562,200549175,7,0.000,0.000,0.000,0.000
218081,200552241,200561562,7,0.000,0.000,0.000,0.000
218081,200561562,200552241,7,0.000,0.000,0.000,0.000
218082,200561562,200561597,7,0.000,0.000,0.000,0.000
218082,200561597,200561562,7,0.000,0.000,0.000,0.000
218083,200550006,200560042,3,1692.449,483.312,443.616,3243.431
218083,200560042,200550006,3,1195.943,351.318,261.174,2371.236
218084,200553781,200555462,5,498.126,147.157,144.641,978.452
218084,200555462,200553781,5,32.674,5.071,2.431,56.324
218085,200555462,200560882,7,155.626,30.642,25.490,298.463
218085,200560882,200555462,7,3.219,0.030,0.036,5.807
218086,200551527,200560882,7,3.219,0.030,0.036,5.807
218086,200560882,200551527,7,155.626,30.642,25.490,298.463
218087,200547435,200561597,7,0.000,0.000,0.000,0.000
218087,200561597,200547435,7,0.000,0.000,0.000,0.000
218088,200547435,200560891,6,471.499,110.832,81.511,886.384
218088,200560891,200547435,6,153.009,22.803,15.133,286.499
218089,200547435,200551527,7,3.219,0.030,0.036,5.807
218089,200551527,200547435,7,155.626,30.642,25.490,298.463
218090,200547676,200548906,7,15.480,1.482,4.484,29.906
218090,200548906,200547676,7,16.674,5.468,5.671,29.745
218091,200548361,200553115,7,310.332,72.789,52.273,599.133
218091,200553115,200548361,7,316.553,102.952,92.812,596.698
218092,200549046,200550335,7,288.678,40.314,34.351,582.604
218092,200550335,200549046,7,279.291,58.652,41.303,597.350
218093,200553115,200555409,7,0.000,0.000,0.000,0.000
218093,200555409,200553115,7,0.000,0.000,0.000,0.000
218094,200548051,200561217,5,412.113,139.195,132.731,805.213
218094,200561217,200548051,5,430.433,98.803,76.401,801.662
218095,200548498,200550006,3,1767.539,502.567,461.030,3377.635
218095,200550006,200548498,3,1257.436,362.381,281.327,2490.552
218096,200558549,200560745,7,0.000,0.000,0.000,0.000
218096,200560745,200558549,7,0.000,0.000,0.000,0.000
218097,200550006,200551963,6,75.090,19.255,17.414,134.204
218097,200551963,200550006,6,61.493,11.063,20.153,119.315
218098,200553788,200556538,7,0.025,0.001,0.001,0.030
218098,200556538,200553788,7,0.023,0.001,0.001,0.030
218100,200548498,200551350,3,1257.436,362.381,281.327,2490.552
218100,200551350,200548498,3,1767.539,502.567,461.030,3377.635
218101,200558549,200558666,7,0.000,0.000,0.000,0.000
218101,200558666,200558549,7,0.000,0.000,0.000,0.000
218102,200549329,200556149,7,0.000,0.000,0.000,0.000
218102,200556149,200549329,7,0.000,0.000,0.000,0.000
218103,200549329,200554804,7,0.000,0.000,0.000,0.000
218103,200554804,200549329,7,0.000,0.000,0.000,0.000
218104,200547143,200555474,5,450.806,99.206,76.160,859.592
218104,200555474,200547143,5,464.684,140.914,108.683,850.961
218105,200550263,200561562,7,0.000,0.000,0.000,0.000
218105,200561562,200550263,7,0.000,0.000,0.000,0.000
218106,200557963,200560954,7,27.241,9.038,6.952,48.156
218106,200560954,200557963,7,28.315,2.294,3.198,45.562
218107,200557963,200561217,5,430.433,98.803,76.401,801.662
218107,200561217,200557963,5,412.113,139.195,132.731,805.213
218108,200547143,200548645,5,464.684,140.914,108.683,850.961
218108,200548645,200547143,5,450.806,99.206,76.160,859.592
218109,200551527,200554095,7,0.000,0.000,0.000,0.000
218109,200554095,200551527,7,0.000,0.000,0.000,0.000
218110,200554095,200559507,7,0.000,0.000,0.000,0.000
218110,200559507,200554095,7,0.000,0.000,0.000,0.000
218111,200550167,200558666,7,0.000,0.000,0.000,0.000
218111,200558666,200550167,7,0.000,0.000,0.000,0.000
218112,200550167,200555605,7,0.000,0.000,0.000,0.000
218112,200555605,200550167,7,0.000,0.000,0.000,0.000
218113,200547980,200551963,6,61.493,11.063,20.153,119.315
218113,200551963,200547980,6,75.090,19.255,17.414,134.204
218260,200553402,200558820,7,0.000,0.000,0.000,0.000
218260,200558820,200553402,7,0.000,0.000,0.000,0.000
218261,200548645,200553402,5,311.799,84.271,78.150,552.160
218261,200553402,200548645,5,318.149,60.366,49.284,571.550
218262,200551350,200554940,3,1257.436,362.381,281.327,2490.552
218262,200554940,200551350,3,1767.539,502.567,461.030,3377.635
218263,200549329,200560346,7,0.000,0.000,0.000,0.000
218263,200560346,200549329,7,0.000,0.000,0.000,0.000
218264,200547980,200548799,6,75.090,19.255,17.414,134.204
218264,200548799,200547980,6,61.493,11.063,20.153,119.315
218265,200550326,200559653,7,0.000,0.000,0.000,0.000
218265,200559653,200550326,7,0.000,0.000,0.000,0.000
218266,200550263,200559653,7,0.000,0.000,0.000,0.000
218266,200559653,200550263,7,0.000,0.000,0.000,0.000
218267,200554940,200555752,3,1257.436,362.381,281.327,2490.552
218267,200555752,200554940,3,1767.539,502.567,461.030,3377.635
218268,200553115,200557267,7,310.332,72.789,52.273,599.133
218268,200557267,200553115,7,316.553,102.952,92.812,596.698
218269,200555074,200560346,7,0.000,0.000,0.000,0.000
218269,200560346,200555074,7,0.000,0.000,0.000,0.000
218270,200550167,200555074,7,0.000,0.000,0.000,0.000
218270,200555074,200550167,7,0.000,0.000,0.000,0.000
218271,200555752,200560498,3,1257.436,362.381,281.327,2490.552
218271,200560498,200555752,3,1767.539,502.567,461.030,3377.635
218272,200548799,200551140,6,75.090,19.255,17.414,134.204
218272,200551140,200548799,6,61.493,11.063,20.153,119.315
218273,200555752,200556585,7,0.000,0.000,0.000,0.000
218273,200556585,200555752,7,0.000,0.000,0.000,0.000
218274,200551142,200555462,5,29.455,5.041,2.395,50.517
218274,200555462,200551142,5,342.500,116.515,119.151,679.988
218275,200553402,200558363,5,311.799,84.271,78.150,552.160
218275,200558363,200553402,5,318.149,60.366,49.284,571.550
218276,200551963,200555905,7,0.000,0.000,0.000,0.000
218276,200555905,200551963,7,0.000,0.000,0.000,0.000
218277,200547980,200555905,7,0.000,0.000,0.000,0.000
218277,200555905,200547980,7,0.000,0.000,0.000,0.000
218278,200557267,200558722,7,0.000,0.000,0.000,0.000
218278,200558722,200557267,7,0.000,0.000,0.000,0.000
218279,200551140,200551977,6,75.090,19.255,17.414,134.204
218279,200551977,200551140,6,61.493,11.063,20.153,119.315
218282,200547435,200548116,6,149.790,22.773,15.097,280.692
218282,200548116,200547435,6,315.873,80.191,56.021,587.921
218283,200553553,200555074,7,0.000,0.000,0.000,0.000
218283,200555074,200553553,7,0.000,0.000,0.000,0.000
218284,200558974,200559653,7,0.000,0.000,0.000,0.000
218284,200559653,200558974,7,0.000,0.000,0.000,0.000
218285,200548116,200556733,7,0.000,0.000,0.000,0.000
218285,200556733,200548116,7,0.000,0.000,0.000,0.000
218286,200547445,200556733,7,0.000,0.000,0.000,0.000
218286,200556733,200547445,7,0.000,0.000,0.000,0.000
218287,200553553,200558974,7,0.000,0.000,0.000,0.000
218287,200558974,200553553,7,0.000,0.000,0.000,0.000
218288,200554095,200556733,7,0.000,0.000,0.000,0.000
218288,200556733,200554095,7,0.000,0.000,0.000,0.000
218289,200551977,200555124,6,75.090,19.255,17.414,134.204
218289,200555124,200551977,6,61.493,11.063,20.153,119.315
218290,200555124,200558363,5,318.149,60.366,49.284,571.550
218290,200558363,200555124,5,311.799,84.271,78.150,552.160
218291,200548799,200555905,7,0.000,0.000,0.000,0.000
218291,200555905,200548799,7,0.000,0.000,0.000,0.000
218292,200559798,200560452,7,0.000,0.000,0.000,0.000
218292,200560452,200559798,7,0.000,0.000,0.000,0.000
218293,200552141,200559798,7,0.000,0.000,0.000,0.000
218293,200559798,200552141,7,0.000,0.000,0.000,0.000
218294,200551142,200557567,5,342.500,116.515,119.151,679.988
218294,200557567,200551142,5,29.455,5.041,2.395,50.517
218295,200548269,200550335,7,0.000,0.000,0.000,0.000
218295,200550335,200548269,7,0.000,0.000,0.000,0.000
218296,200552847,200557082,5,414.393,115.514,106.065,745.229
218296,200557082,200552847,5,530.969,124.111,80.613,1050.297
218297,200549775,200557082,5,524.036,122.742,79.190,1038.833
218297,200557082,200549775,5,406.837,113.126,104.665,733.118
218298,200555216,200556585,7,0.000,0.000,0.000,0.000
218298,200556585,200555216,7,0.000,0.000,0.000,0.000
218300,200553011,200560657,7,0.000,0.000,0.000,0.000
218300,200560657,200553011,7,0.000,0.000,0.000,0.000
218301,200549775,200558420,5,406.837,113.126,104.665,733.118
218301,200558420,200549775,5,524.036,122.742,79.190,1038.833
218302,200548489,200548645,7,289.255,73.681,68.471,575.195
218302,200548645,200548489,7,309.484,91.483,72.128,585.954
218303,200558420,200560657,5,399.163,112.006,105.028,705.813
218303,200560657,200558420,5,505.971,118.162,74.566,1011.518
218304,200548116,200554548,6,149.790,22.773,15.097,280.692
218304,200554548,200548116,6,315.873,80.191,56.021,587.921
218305,200553553,200559949,7,0.000,0.000,0.000,0.000
218305,200559949,200553553,7,0.000,0.000,0.000,0.000
218306,200554548,200559949,5,478.258,111.081,70.701,954.741
218306,200559949,200554548,5,365.911,97.581,99.968,648.128
218307,200550067,200559949,5,365.911,97.581,99.968,648.128
218307,200559949,200550067,5,478.258,111.081,70.701,954.741
218454,200550067,200560657,5,478.258,111.081,70.701,954.741
218454,200560657,200550067,5,365.911,97.581,99.968,648.128
218455,200556063,200560882,7,0.000,0.000,0.000,0.000
218455,200560882,200556063,7,0.000,0.000,0.000,0.000
218456,200556063,200561477,5,203.200,50.183,63.070,354.443
218456,200561477,200556063,5,481.630,121.101,74.728,968.285
218457,200557567,200561477,5,342.500,116.515,119.151,679.988
218457,200561477,200557567,5,29.455,5.041,2.395,50.517
218458,200554548,200556063,5,203.200,50.183,63.070,354.443
218458,200556063,200554548,5,481.630,121.101,74.728,968.285
218459,200553838,200561477,5,413.051,106.904,66.505,835.670
218459,200561477,200553838,5,447.666,147.460,171.604,851.299
218460,200553838,200559259,5,447.666,147.460,171.604,851.299
218460,200559259,200553838,5,413.051,106.904,66.505,835.670
218462,200555366,200560144,7,38.502,8.652,3.981,67.795
218462,200560144,200555366,7,33.164,5.750,3.174,61.193
218463,200559259,200561336,5,420.687,136.131,159.898,793.105
218463,200561336,200559259,5,384.867,99.308,62.010,778.240
218464,200555124,200556878,5,250.306,73.207,57.997,432.845
218464,200556878,200555124,5,243.059,41.111,31.870,437.346
218465,200548285,200555124,7,0.000,0.000,0.000,0.000
218465,200555124,200548285,7,0.000,0.000,0.000,0.000
218466,200066782,200560087,7,16.358,3.490,2.755,30.867
218466,200560087,200066782,7,14.866,6.194,7.473,31.163
218467,200559798,200560087,7,0.000,0.000,0.000,0.000
218467,200560087,200559798,7,0.000,0.000,0.000,0.000
218468,200555216,200560498,7,0.000,0.000,0.000,0.000
218468,200560498,200555216,7,0.000,0.000,0.000,0.000
218469,200555248,200561336,5,384.867,99.308,62.010,778.240
218469,200561336,200555248,5,420.687,136.131,159.898,793.105
218470,200552306,200555366,7,38.502,8.652,3.981,67.795
218470,200555366,200552306,7,33.164,5.750,3.174,61.193
218471,200555248,200555512,5,420.687,136.131,159.898,793.105
218471,200555512,200555248,5,384.867,99.308,62.010,778.240
218472,200560144,200560944,7,38.502,8.652,3.981,67.795
218472,200560944,200560144,7,33.164,5.750,3.174,61.193
218473,200557025,200560944,7,33.164,5.750,3.174,61.193
218473,200560944,200557025,7,38.502,8.652,3.981,67.795
218474,200556878,200557025,5,250.306,73.207,57.997,432.845
218474,200557025,200556878,5,243.059,41.111,31.870,437.346
218475,200547737,200557025,5,208.750,34.964,28.895,379.267
218475,200557025,200547737,5,221.335,69.963,55.829,381.367
218476,200548285,200554145,7,0.000,0.000,0.000,0.000
218476,200554145,200548285,7,0.000,0.000,0.000,0.000
218477,200552306,200553168,7,0.000,0.000,0.000,0.000
218477,200553168,200552306,7,0.000,0.000,0.000,0.000
218478,200547737,200558563,5,221.335,69.963,55.829,381.367
218478,200558563,200547737,5,208.750,34.964,28.895,379.267
218479,200549234,200551582,3,1643.511,452.129,434.940,3130.184
218479,200551582,200549234,3,1147.362,343.448,248.757,2225.380
218481,200555107,200557963,5,402.651,96.544,73.243,757.755
218481,200557963,200555107,5,385.406,130.191,125.819,758.712
218482,200551181,200558563,5,208.750,34.964,28.895,379.267
218482,200558563,200551181,5,221.335,69.963,55.829,381.367
218483,200549234,200556621,3,1147.362,343.448,248.757,2225.380
218483,200556621,200549234,3,1643.511,452.129,434.940,3130.184
218484,200548348,200551181,5,208.750,34.964,28.895,379.267
218484,200551181,200548348,5,221.335,69.963,55.829,381.367
218485,200552744,200553838,7,0.000,0.000,0.000,0.000
218485,200553838,200552744,7,0.000,0.000,0.000,0.000
218486,200549769,200559259,7,28.192,7.597,5.996,58.941
218486,200559259,200549769,7,26.988,11.329,13.207,59.704
218487,200548348,200550503,5,221.335,69.963,55.829,381.367
218487,200550503,200548348,5,208.750,34.964,28.895,379.267
218488,200555941,200557267,7,316.553,102.952,92.812,596.698
218488,200557267,200555941,7,310.332,72.789,52.273,599.133
218489,200555767,200555941,7,12.015,1.059,2.548,21.499
218489,200555941,200555767,7,10.910,3.684,5.165,21.373
218490,200548160,200553588,7,0.000,0.000,0.000,0.000
218490,200553588,200548160,7,0.000,0.000,0.000,0.000
218491,200548160,200555767,7,12.015,1.059,2.548,21.499
218491,200555767,200548160,7,10.910,3.684,5.165,21.373
218492,200551321,200560699,7,0.000,0.000,0.000,0.000
218492,200560699,200551321,7,0.000,0.000,0.000,0.000
218493,200548160,200560699,7,10.910,3.684,5.165,21.373
218493,200560699,200548160,7,12.015,1.059,2.548,21.499
218494,200556538,200556770,7,0.025,0.001,0.001,0.030
218494,200556770,200556538,7,0.023,0.001,0.001,0.030
218495,200556770,200560699,7,12.015,1.059,2.548,21.499
218495,200560699,200556770,7,10.910,3.684,5.165,21.373
218496,200547480,200556770,7,12.038,1.060,2.549,21.528
218496,200556770,200547480,7,10.935,3.685,5.167,21.403
218497,200560087,200561310,7,16.358,3.490,2.755,30.867
218497,200561310,200560087,7,14.866,6.194,7.473,31.163
218498,200547480,200561310,7,10.935,3.685,5.167,21.403
218498,200561310,200547480,7,12.038,1.060,2.549,21.528
218499,200555941,200558300,7,322.341,73.848,54.820,620.624
218499,200558300,200555941,7,327.457,106.636,97.977,618.064
218500,200555107,200558300,5,219.840,76.886,66.150,438.632
218500,200558300,200555107,5,227.550,51.581,46.019,435.285
218645,200557216,200561801,7,64.949,20.272,12.541,131.423
218645,200561801,200557216,7,84.064,18.118,17.781,147.566
218646,200551765,200557216,7,51.121,15.747,12.772,103.102
218646,200557216,200551765,7,68.035,16.786,11.127,119.183
218647,200555545,200558768,7,0.000,0.000,0.000,0.000
218647,200558768,200555545,7,0.000,0.000,0.000,0.000
218648,200552496,200558768,7,225.839,65.734,85.847,427.979
218648,200558768,200552496,7,218.741,41.759,35.420,425.958
218649,200547963,200548595,7,0.000,0.000,0.000,0.000
218649,200548595,200547963,7,0.000,0.000,0.000,0.000
218650,200547963,200557759,7,0.000,0.000,0.000,0.000
218650,200557759,200547963,7,0.000,0.000,0.000,0.000
218651,200075098,200556195,7,60.162,20.741,12.167,113.256
218651,200556195,200075098,7,71.358,18.353,7.429,129.373
218652,200549416,200558768,7,218.741,41.759,35.420,425.958
218652,200558768,200549416,7,225.839,65.734,85.847,427.979
218653,200552644,200560283,3,1526.211,429.987,437.384,2893.295
218653,200560283,200552644,3,1027.414,286.899,192.632,1993.131
218654,200556946,200557066,7,0.000,0.000,0.000,0.000
218654,200557066,200556946,7,0.000,0.000,0.000,0.000
218655,200554190,200557066,5,87.794,24.957,35.251,163.569
218655,200557066,200554190,5,85.191,19.979,15.416,165.588
218656,200549416,200550260,7,0.016,0.001,0.001,0.019
218656,200550260,200549416,7,0.000,0.000,0.000,0.000
218657,200017337,200551905,1,6760.528,2073.458,2407.386,13818.913
218657,200551905,200017337,1,0.000,0.000,0.000,0.000
218658,200553497,200558352,7,40.689,7.110,3.897,76.965
218658,200558352,200553497,7,46.228,14.453,5.092,77.874
218659,200550503,200558914,7,0.000,0.000,0.000,0.000
218659,200558914,200550503,7,0.000,0.000,0.000,0.000
218660,200558914,200560445,7,0.000,0.000,0.000,0.000
218660,200560445,200558914,7,0.000,0.000,0.000,0.000
218661,200551089,200553497,7,21.493,5.287,0.353,42.538
218661,200553497,200551089,7,26.299,6.935,1.499,40.465
218662,200550782,200552778,5,167.514,41.548,27.764,331.478
218662,200552778,200550782,5,180.340,49.031,50.789,325.571
218663,200552778,200557667,7,0.000,0.000,0.000,0.000
218663,200557667,200552778,7,0.000,0.000,0.000,0.000
218664,200549204,200554341,7,0.000,0.000,0.000,0.000
218664,200554341,200549204,7,0.000,0.000,0.000,0.000
218665,200550407,200552778,7,0.000,0.000,0.000,0.000
218665,200552778,200550407,7,0.000,0.000,0.000,0.000
218666,200549204,200550407,7,0.000,0.000,0.000,0.000
218666,200550407,200549204,7,0.000,0.000,0.000,0.000
218667,200550260,200555333,7,0.016,0.001,0.001,0.019
218667,200555333,200550260,7,0.000,0.000,0.000,0.000
218668,200551922,200556759,7,3.975,2.511,2.308,9.815
218668,200556759,200551922,7,4.364,2.432,0.208,9.394
218669,200554190,200557357,5,114.575,40.626,30.579,236.653
218669,200557357,200554190,5,121.628,35.171,42.273,241.295
218670,200552644,200558331,3,1027.414,286.899,192.632,1993.131
218670,200558331,200552644,3,1526.211,429.987,437.384,2893.295
218671,200555161,200558331,3,1526.211,429.987,437.384,2893.295
218671,200558331,200555161,3,1027.414,286.899,192.632,1993.131
218672,200551922,200553778,7,4.341,2.430,0.207,9.366
218672,200553778,200551922,7,3.954,2.510,2.307,9.788
218673,200551463,200555489,7,0.000,0.000,0.000,0.000
218673,200555489,200551463,7,0.000,0.000,0.000,0.000
218674,200555489,200557357,5,122.799,34.205,38.776,238.998
218674,200557357,200555489,5,114.613,40.633,30.925,234.217
218675,200555161,200561673,3,1027.414,286.899,192.632,1993.131
218675,200561673,200555161,3,1526.211,429.987,437.384,2893.295
218676,200554577,200556677,7,0.000,0.000,0.000,0.000
218676,200556677,200554577,7,0.000,0.000,0.000,0.000
218677,200547380,200549416,7,0.000,0.000,0.000,0.000
218677,200549416,200547380,7,0.000,0.000,0.000,0.000
218678,200552252,200560445,7,0.000,0.000,0.000,0.000
218678,200560445,200552252,7,0.000,0.000,0.000,0.000
218679,200548187,200548897,7,0.000,0.000,0.000,0.000
218679,200548897,200548187,7,0.000,0.000,0.000,0.000
218680,200556004,200561673,3,1526.211,429.987,437.384,2893.295
218680,200561673,200556004,3,1027.414,286.899,192.632,1993.131
218681,200552078,200557357,7,3.054,3.076,6.635,12.836
218681,200557357,200552078,7,4.187,2.104,2.792,12.976
218682,200552078,200556977,7,4.187,2.104,2.792,12.976
218682,200556977,200552078,7,3.054,3.076,6.635,12.836
218683,200548213,200561425,7,0.000,0.000,0.000,0.000
218683,200561425,200548213,7,0.000,0.000,0.000,0.000
218684,200553636,200556004,7,0.000,0.000,0.000,0.000
218684,200556004,200553636,7,0.000,0.000,0.000,0.000
218685,200557216,200559066,7,43.359,7.924,12.784,72.222
218685,200559066,200557216,7,41.158,11.117,5.899,72.162
218686,200549716,200556977,7,3.054,3.076,6.635,12.836
218686,200556977,200549716,7,4.187,2.104,2.792,12.976
218687,200552252,200556820,7,0.000,0.000,0.000,0.000
218687,200556820,200552252,7,0.000,0.000,0.000,0.000
218688,200547537,200549716,7,0.000,0.000,0.000,0.000
218688,200549716,200547537,7,0.000,0.000,0.000,0.000
218689,200550407,200552951,7,0.000,0.000,0.000,0.000
218689,200552951,200550407,7,0.000,0.000,0.000,0.000
218690,200558358,200561425,5,122.799,34.205,38.776,238.998
218690,200561425,200558358,5,114.613,40.633,30.925,234.217
218691,200547537,200549033,7,0.000,0.000,0.000,0.000
218691,200549033,200547537,7,0.000,0.000,0.000,0.000
218824,200076842,200556224,7,0.000,0.000,0.000,0.000
218824,200556224,200076842,7,0.000,0.000,0.000,0.000
218825,200549054,200552968,4,0.000,0.000,0.000,0.000
218825,200552968,200549054,4,1798.194,570.269,489.004,3610.534
218826,200068084,200552968,4,1798.194,570.269,489.004,3610.534
218826,200552968,200068084,4,0.000,0.000,0.000,0.000
218827,200080078,200552007,7,32.138,2.504,2.053,42.494
218827,200552007,200080078,7,0.000,0.000,0.000,0.000
218828,200067445,200074450,1,0.000,0.000,0.000,0.000
218828,200074450,200067445,1,8144.909,2444.205,2674.000,16575.180
218829,200547761,200558594,7,0.000,0.000,0.000,0.000
218829,200558594,200547761,7,0.000,0.000,0.000,0.000
218830,200077068,200556983,1,8764.640,2652.637,2855.908,17896.034
218830,200556983,200077068,1,0.000,0.000,0.000,0.000
218831,200556983,200557985,1,8764.640,2652.637,2855.908,17896.034
218831,200557985,200556983,1,0.000,0.000,0.000,0.000
218832,200549285,200557985,30,0.000,0.000,0.000,0.000
218832,200557985,200549285,30,0.000,0.000,0.000,0.000
218833,200549285,200558624,30,0.000,0.000,0.000,0.000
218833,200558624,200549285,30,0.000,0.000,0.000,0.000
218834,200550351,200557985,1,0.000,0.000,0.000,0.000
218834,200557985,200550351,1,8764.640,2652.637,2855.908,17896.034
218835,200555389,200558591,7,0.000,0.000,0.000,0.000
218835,200558591,200555389,7,0.000,0.000,0.000,0.000
218836,200549255,200559279,3,1702.650,479.771,494.849,3187.611
218836,200559279,200549255,3,1177.145,308.971,217.417,2283.620
218837,200075471,200558591,7,0.000,0.000,0.000,0.000
218837,200558591,200075471,7,0.000,0.000,0.000,0.000
218838,200075471,200557743,7,0.000,0.000,0.000,0.000
218838,200557743,200075471,7,0.000,0.000,0.000,0.000
218839,200549255,200554020,3,1177.145,308.971,217.417,2283.620
218839,200554020,200549255,3,1702.650,479.771,494.849,3187.611
218841,200547230,200548431,4,3555.090,1181.072,1172.478,7624.218
218841,200548431,200547230,4,2341.387,729.114,644.103,5001.625
218842,200550763,200554415,5,720.626,248.144,215.024,1712.985
218842,200554415,200550763,5,429.750,175.562,176.996,899.985
218843,200075471,200559569,7,0.000,0.000,0.000,0.000
218843,200559569,200075471,7,0.000,0.000,0.000,0.000
218844,200547230,200557049,4,2341.387,729.114,644.103,5001.625
218844,200557049,200547230,4,3555.090,1181.072,1172.478,7624.218
218845,200554020,200557049,3,1177.145,308.971,217.417,2283.620
218845,200557049,200554020,3,1702.650,479.771,494.849,3187.611
218846,200549401,200557049,3,5035.452,1602.686,1590.250,10360.305
218846,200557049,200549401,3,3296.244,979.928,784.443,6833.721
218847,200554879,200560266,7,0.000,0.000,0.000,0.000
218847,200560266,200554879,7,0.000,0.000,0.000,0.000
218848,200549401,200554879,3,3296.244,979.928,784.443,6833.721
218848,200554879,200549401,3,5035.452,1602.686,1590.250,10360.305
218849,200554304,200559569,7,112.548,20.124,24.452,192.320
218849,200559569,200554304,7,119.426,21.548,25.111,204.171
218850,200554304,200554879,7,119.426,21.548,25.111,204.171
218850,200554879,200554304,7,112.548,20.124,24.452,192.320
218851,200552476,200560266,7,0.000,0.000,0.000,0.000
218851,200560266,200552476,7,0.000,0.000,0.000,0.000
218853,200075660,200557895,7,0.000,0.000,0.000,0.000
218853,200557895,200075660,7,0.000,0.000,0.000,0.000
218854,200557895,200559430,7,0.000,0.000,0.000,0.000
218854,200559430,200557895,7,0.000,0.000,0.000,0.000
218855,200550247,200552476,7,0.000,0.000,0.000,0.000
218855,200552476,200550247,7,0.000,0.000,0.000,0.000
218856,200071500,200555687,7,0.000,0.000,0.000,0.000
218856,200555687,200071500,7,0.000,0.000,0.000,0.000
218857,200550247,200561131,7,0.000,0.000,0.000,0.000
218857,200561131,200550247,7,0.000,0.000,0.000,0.000
218858,200551751,200557202,7,322.591,80.639,94.641,556.293
218858,200557202,200551751,7,321.076,69.663,58.148,562.018
218859,200550247,200552628,7,0.000,0.000,0.000,0.000
218859,200552628,200550247,7,0.000,0.000,0.000,0.000
218860,200553331,200557202,7,321.076,69.663,58.148,562.018
218860,200557202,200553331,7,322.591,80.639,94.641,556.293
218861,200553331,200554879,3,5052.378,1605.120,1593.843,10386.460
218861,200554879,200553331,3,3320.048,983.786,788.695,6871.727
218862,200553331,200557930,3,3268.934,974.172,792.285,6771.721
218862,200557930,200553331,3,4999.749,1584.530,1560.939,10292.179
218863,200551075,200557930,3,4999.749,1584.530,1560.939,10292.179
218863,200557930,200551075,3,3268.934,974.172,792.285,6771.721
218864,200551751,200556508,7,321.076,69.663,58.148,562.018
218864,200556508,200551751,7,322.591,80.639,94.641,556.293
218865,200547226,200556508,7,0.000,0.000,0.000,0.000
218865,200556508,200547226,7,0.000,0.000,0.000,0.000
218866,200547226,200550723,7,0.000,0.000,0.000,0.000
218866,200550723,200547226,7,0.000,0.000,0.000,0.000
218867,200556508,200558037,7,0.000,0.000,0.000,0.000
218867,200558037,200556508,7,0.000,0.000,0.000,0.000
218868,200551075,200559585,3,3268.934,974.172,792.285,6771.721
218868,200559585,200551075,3,4999.749,1584.530,1560.939,10292.179
218869,200551907,200559585,3,4999.749,1584.530,1560.939,10292.179
218869,200559585,200551907,3,3268.934,974.172,792.285,6771.721
218870,200551907,200558900,3,3268.934,974.172,792.285,6771.721
218870,200558900,200551907,3,4999.749,1584.530,1560.939,10292.179
218871,200557895,200561278,7,0.000,0.000,0.000,0.000
218871,200561278,200557895,7,0.000,0.000,0.000,0.000
218872,200081158,200553479,7,0.000,0.000,0.000,0.000
218872,200553479,200081158,7,0.000,0.000,0.000,0.000
218873,200068454,200559053,7,0.000,0.000,0.000,0.000
218873,200559053,200068454,7,0.000,0.000,0.000,0.000
218874,200550723,200557491,7,0.000,0.000,0.000,0.000
218874,200557491,200550723,7,0.000,0.000,0.000,0.000
218875,200078164,200558900,3,4999.749,1584.530,1560.939,10292.179
218875,200558900,200078164,3,3268.934,974.172,792.285,6771.721
218876,200078164,200556134,3,3268.934,974.172,792.285,6771.721
218876,200556134,200078164,3,0.000,0.000,0.000,0.000
218877,200078164,200557653,3,0.000,0.000,0.000,0.000
218877,200557653,200078164,3,4999.749,1584.530,1560.939,10292.179
218878,200548338,200552932,7,0.000,0.000,0.000,0.000
218878,200552932,200548338,7,0.000,0.000,0.000,0.000
218879,200549858,200557491,7,0.000,0.000,0.000,0.000
218879,200557491,200549858,7,0.000,0.000,0.000,0.000
218880,200547659,200556134,3,0.000,0.000,0.000,0.000
218880,200556134,200547659,3,3268.934,974.172,792.285,6771.721
218881,200067566,200550016,7,199.680,53.318,33.732,401.269
218881,200550016,200067566,7,214.239,60.764,85.076,400.335
218882,200550016,200552459,7,199.680,53.318,33.732,401.269
218882,200552459,200550016,7,214.239,60.764,85.076,400.335
218978,200550351,200558624,30,0.000,0.000,0.000,0.000
218978,200558624,200550351,30,0.000,0.000,0.000,0.000
218979,200554725,200559095,6,75.830,17.968,13.388,141.057
218979,200559095,200554725,6,96.658,23.569,28.592,165.577
218980,200557614,200559095,6,96.658,23.569,28.592,165.577
218980,200559095,200557614,6,75.830,17.968,13.388,141.057
218981,200553736,200557614,6,96.658,23.569,28.592,165.577
218981,200557614,200553736,6,75.830,17.968,13.388,141.057
218982,200550089,200551839,1,0.000,0.000,0.000,0.000
218982,200551839,200550089,1,8764.640,2652.637,2855.908,17896.034
218983,200077236,200550089,1,0.000,0.000,0.000,0.000
218983,200550089,200077236,1,8764.640,2652.637,2855.908,17896.034
218988,200078009,200556774,4,1571.439,473.381,395.788,3144.898
218988,200556774,200078009,4,198.011,56.309,61.138,384.954
218989,200077236,200078009,30,2142.457,720.472,670.669,4223.364
218989,200078009,200077236,30,0.000,0.000,0.000,0.000
218990,200548999,200556774,4,198.011,56.309,61.138,384.954
218990,200556774,200548999,4,1571.439,473.381,395.788,3144.898
218991,200556371,200561790,7,80.401,21.905,21.126,133.849
218991,200561790,200556371,7,82.249,19.377,15.252,143.738
218992,200554717,200559588,4,1842.941,606.236,562.384,3616.420
218992,200559588,200554717,4,1640.097,470.295,386.971,3271.068
218993,200551281,200559588,4,1640.097,470.295,386.971,3271.068
218993,200559588,200551281,4,1842.941,606.236,562.384,3616.420
218994,200551753,200561134,7,0.000,0.000,0.000,0.000
218994,200561134,200551753,7,0.000,0.000,0.000,0.000
218995,200555690,200561134,4,1571.439,473.381,395.788,3144.898
218995,200561134,200555690,4,198.011,56.309,61.138,384.954
218996,200078009,200556606,30,556.547,179.432,162.356,1106.840
218996,200556606,200078009,30,0.000,0.000,0.000,0.000
218997,200015993,200074628,4,548.483,135.103,122.242,1044.076
218997,200074628,200015993,4,393.746,139.639,134.983,770.497
218998,200547724,200555015,5,430.433,98.803,76.401,801.662
218998,200555015,200547724,5,412.113,139.195,132.731,805.213
218999,200547724,200548051,5,412.113,139.195,132.731,805.213
218999,200548051,200547724,5,430.433,98.803,76.401,801.662
219001,200549558,200556664,7,0.000,0.000,0.000,0.000
219001,200556664,200549558,7,0.000,0.000,0.000,0.000
219002,200547369,200549558,7,0.000,0.000,0.000,0.000
219002,200549558,200547369,7,0.000,0.000,0.000,0.000
219003,200549558,200557667,7,0.000,0.000,0.000,0.000
219003,200557667,200549558,7,0.000,0.000,0.000,0.000
219004,200548880,200554329,7,0.000,0.000,0.000,0.000
219004,200554329,200548880,7,0.000,0.000,0.000,0.000
219005,200548880,200552778,5,180.340,49.031,50.789,325.571
219005,200552778,200548880,5,167.514,41.548,27.764,331.478
219007,200550560,200553053,7,50.520,10.676,13.493,93.031
219007,200553053,200550560,7,44.927,12.743,8.626,87.642
219008,200559054,200559729,7,0.078,0.003,0.004,0.113
219008,200559729,200559054,7,0.685,0.066,1.182,2.166
219009,200068221,200559729,5,180.864,49.089,50.963,326.523
219009,200559729,200068221,5,167.430,41.544,26.759,330.377
219014,200068221,200553766,4,199.378,51.092,43.027,398.308
219014,200553766,200068221,4,3959.471,1351.140,1288.530,8718.620
219016,200549032,200553053,7,44.927,12.743,8.626,87.642
219016,200553053,200549032,7,50.520,10.676,13.493,93.031
219017,200548561,200553766,4,3959.471,1351.140,1288.530,8718.620
219017,200553766,200548561,4,199.378,51.092,43.027,398.308
219018,200556596,200556653,1,4712.130,1287.136,1596.895,9471.420
219018,200556653,200556596,1,0.000,0.000,0.000,0.000
219020,200559054,200559882,7,0.000,0.000,0.000,0.000
219020,200559882,200559054,7,0.000,0.000,0.000,0.000
219021,200017278,200068221,30,44.376,10.451,19.382,88.171
219021,200068221,200017278,30,0.000,0.000,0.000,0.000
219022,200549032,200553116,7,50.520,10.676,13.493,93.031
219022,200553116,200549032,7,44.927,12.743,8.626,87.642
219023,200549704,200561413,7,25.696,5.418,2.920,45.464
219023,200561413,200549704,7,23.637,10.787,5.327,43.176
219024,200078898,200551994,1,4928.807,1334.023,1673.363,9900.180
219024,200551994,200078898,1,0.000,0.000,0.000,0.000
219025,200553385,200561413,7,23.637,10.787,5.327,43.176
219025,200561413,200553385,7,25.696,5.418,2.920,45.464
219026,200558796,200560951,3,3164.646,912.496,705.161,6527.196
219026,200560951,200558796,3,4935.785,1574.278,1590.805,10078.721
219027,200551649,200559631,7,0.000,0.000,0.000,0.000
219027,200559631,200551649,7,0.000,0.000,0.000,0.000
219028,200549601,200558796,7,581.595,126.891,134.105,1118.968
219028,200558796,200549601,7,607.359,170.870,199.750,1150.969
219029,200068883,200551121,7,17.882,3.725,3.165,40.096
219029,200551121,200068883,7,20.435,4.392,4.204,35.644
219030,200550297,200558232,7,0.000,0.000,0.000,0.000
219030,200558232,200550297,7,0.000,0.000,0.000,0.000
219031,200549601,200560830,7,0.000,0.000,0.000,0.000
219031,200560830,200549601,7,0.000,0.000,0.000,0.000
219032,200550438,200559773,7,0.000,0.000,0.000,0.000
219032,200559773,200550438,7,0.000,0.000,0.000,0.000
219033,200553378,200555879,7,133.619,25.408,21.285,234.492
219033,200555879,200553378,7,133.433,38.153,36.554,239.880
219034,200556560,200561327,7,0.000,0.000,0.000,0.000
219034,200561327,200556560,7,0.000,0.000,0.000,0.000
219035,200551957,200560766,7,0.000,0.000,0.000,0.000
219035,200560766,200551957,7,0.000,0.000,0.000,0.000
219036,200550438,200560766,7,63.440,17.265,15.186,141.553
219036,200560766,200550438,7,65.250,21.240,28.699,135.810
219037,200561327,200561409,7,0.000,0.000,0.000,0.000
219037,200561409,200561327,7,0.000,0.000,0.000,0.000
219038,200554376,200560830,7,0.000,0.000,0.000,0.000
219038,200560830,200554376,7,0.000,0.000,0.000,0.000
219039,200555879,200561409,7,0.000,0.000,0.000,0.000
219039,200561409,200555879,7,0.000,0.000,0.000,0.000
219040,200552676,200555191,7,0.000,0.000,0.000,0.000
219040,200555191,200552676,7,0.000,0.000,0.000,0.000
219041,200551272,200555879,7,133.433,38.153,36.554,239.880
219041,200555879,200551272,7,133.619,25.408,21.285,234.492
219042,200555191,200556708,5,45.179,11.543,11.507,82.384
219042,200556708,200555191,5,98.491,31.187,25.825,227.700
219043,200552824,200556708,7,130.500,24.401,17.277,226.339
219043,200556708,200552824,7,130.305,37.145,34.545,231.727
219044,200547272,200552824,7,0.000,0.000,0.000,0.000
219044,200552824,200547272,7,0.000,0.000,0.000,0.000
219045,200547421,200560466,5,120.045,38.853,32.751,280.968
219045,200560466,200547421,5,74.642,18.318,24.024,139.356
219046,200551272,200552824,7,130.500,24.401,17.277,226.339
219046,200552824,200551272,7,130.305,37.145,34.545,231.727
219047,200551121,200557373,7,63.440,17.265,15.186,141.553
219047,200557373,200551121,7,65.250,21.240,28.699,135.810
219048,200550438,200557373,7,65.250,21.240,28.699,135.810
219048,200557373,200550438,7,63.440,17.265,15.186,141.553
219049,200550594,200557323,5,249.853,73.233,61.086,560.341
219049,200557323,200550594,5,216.459,79.613,75.052,418.070
219050,200550594,200560466,5,74.642,18.318,24.024,139.356
219050,200560466,200550594,5,120.045,38.853,32.751,280.968
219051,200550594,200560632,7,0.000,0.000,0.000,0.000
219051,200560632,200550594,7,0.000,0.000,0.000,0.000
219052,200556035,200561409,7,0.000,0.000,0.000,0.000
219052,200561409,200556035,7,0.000,0.000,0.000,0.000
219053,200548251,200555816,5,494.853,178.899,166.178,1192.296
219053,200555816,200548251,5,243.717,99.449,94.690,530.139
219054,200552112,200553670,7,0.000,0.000,0.000,0.000
219054,200553670,200552112,7,0.000,0.000,0.000,0.000
219055,200551414,200560775,7,0.000,0.000,0.000,0.000
219055,200560775,200551414,7,0.000,0.000,0.000,0.000
219056,200547421,200556854,5,29.464,6.774,12.517,56.971
219056,200556854,200547421,5,21.554,7.666,6.926,53.268
219057,200556854,200560775,7,67.582,23.124,18.470,124.886
219057,200560775,200556854,7,33.797,11.870,6.002,76.121
219058,200547566,200548251,7,0.000,0.000,0.000,0.000
219058,200548251,200547566,7,0.000,0.000,0.000,0.000
219059,200552984,200560830,7,0.000,0.000,0.000,0.000
219059,200560830,200552984,7,0.000,0.000,0.000,0.000
219060,200549069,200556035,7,0.000,0.000,0.000,0.000
219060,200556035,200549069,7,0.000,0.000,0.000,0.000
219061,200551272,200554519,7,3.119,1.007,4.008,8.153
219061,200554519,200551272,7,3.127,1.008,2.009,8.153
219062,200549069,200554519,7,0.000,0.000,0.000,0.000
219062,200554519,200549069,7,0.000,0.000,0.000,0.000
219063,200554519,200561590,7,0.000,0.000,0.000,0.000
219063,200561590,200554519,7,0.000,0.000,0.000,0.000
219064,200547566,200552277,7,0.000,0.000,0.000,0.000
219064,200552277,200547566,7,0.000,0.000,0.000,0.000
219065,200550594,200557702,5,157.006,62.302,51.036,300.724
219065,200557702,200550594,5,144.997,35.385,28.343,301.383
219066,200548386,200556708,5,171.115,55.793,47.284,350.275
219066,200556708,200548386,5,117.996,23.405,15.698,199.571
219067,200552984,200553813,7,0.000,0.000,0.000,0.000
219067,200553813,200552984,7,0.000,0.000,0.000,0.000
219068,200559234,200560951,3,4920.157,1570.783,1588.431,10046.194
219068,200560951,200559234,3,3144.602,907.479,699.965,6494.519
219069,200549601,200549905,7,138.936,61.002,55.998,286.570
219069,200549905,200549601,7,135.738,25.780,29.571,274.517
219070,200549905,200553813,7,0.000,0.000,0.000,0.000
219070,200553813,200549905,7,0.000,0.000,0.000,0.000
219071,200549905,200555339,7,138.936,61.002,55.998,286.570
219071,200555339,200549905,7,135.738,25.780,29.571,274.517
219072,200547711,200555339,7,0.000,0.000,0.000,0.000
219072,200555339,200547711,7,0.000,0.000,0.000,0.000
219168,200550024,200553385,7,23.637,10.787,5.327,43.176
219168,200553385,200550024,7,25.696,5.418,2.920,45.464
219169,200551994,200553567,1,4928.807,1334.023,1673.363,9900.180
219169,200553567,200551994,1,0.000,0.000,0.000,0.000
219170,200553116,200559087,4,2609.714,864.274,780.057,5593.681
219170,200559087,200553116,4,4114.292,1388.815,1346.461,9029.274
219173,200547524,200550763,5,720.626,248.144,215.024,1712.985
219173,200550763,200547524,5,429.750,175.562,176.996,899.985
219175,200068083,200552865,1,0.000,0.000,0.000,0.000
219175,200552865,200068083,1,4928.807,1334.023,1673.363,9900.180
219177,200547524,200560088,5,393.854,173.773,162.121,844.129
219177,200560088,200547524,5,683.834,247.497,209.399,1654.205
219179,200550477,200559815,5,487.648,187.894,161.668,1195.422
219179,200559815,200550477,5,231.062,107.788,100.425,527.617
219180,200548341,200557656,7,0.000,0.000,0.000,0.000
219180,200557656,200548341,7,0.000,0.000,0.000,0.000
219181,200553769,200557656,5,231.062,107.788,100.425,527.617
219181,200557656,200553769,5,487.648,187.894,161.668,1195.422
219182,200553769,200560088,5,683.834,247.497,209.399,1654.205
219182,200560088,200553769,5,393.854,173.773,162.121,844.129
219183,200553769,200557480,5,216.459,79.613,75.052,418.070
219183,200557480,200553769,5,249.853,73.233,61.086,560.341
219184,200549167,200557480,5,249.853,73.233,61.086,560.341
219184,200557480,200549167,5,216.459,79.613,75.052,418.070
219185,200548239,200549167,5,249.853,73.233,61.086,560.341
219185,200549167,200548239,5,216.459,79.613,75.052,418.070
219186,200548239,200556893,5,216.459,79.613,75.052,418.070
219186,200556893,200548239,5,249.853,73.233,61.086,560.341
219187,200549746,200561278,5,460.948,174.836,153.491,1142.396
219187,200561278,200549746,5,211.623,99.361,95.516,474.497
219188,200549746,200555183,7,0.000,0.000,0.000,0.000
219188,200555183,200549746,7,0.000,0.000,0.000,0.000
219189,200549746,200560625,5,211.623,99.361,95.516,474.497
219189,200560625,200549746,5,460.948,174.836,153.491,1142.396
219190,200551262,200560625,7,0.000,0.000,0.000,0.000
219190,200560625,200551262,7,0.000,0.000,0.000,0.000
219191,200552615,200561292,5,243.717,99.449,94.690,530.139
219191,200561292,200552615,5,494.853,178.899,166.178,1192.296
219192,200552615,200554515,7,65.250,21.240,28.699,135.810
219192,200554515,200552615,7,63.440,17.265,15.186,141.553
219193,200554515,200559609,7,65.250,21.240,28.699,135.810
219193,200559609,200554515,7,63.440,17.265,15.186,141.553
219194,200552575,200553513,1,3013.869,780.955,1186.087,5494.747
219194,200553513,200552575,1,0.000,0.000,0.000,0.000
219195,200548201,200561292,5,494.853,178.899,166.178,1192.296
219195,200561292,200548201,5,243.717,99.449,94.690,530.139
219196,200548716,200555919,1,0.000,0.000,0.000,0.000
219196,200555919,200548716,1,4928.807,1334.023,1673.363,9900.180
219197,200556893,200557323,5,216.459,79.613,75.052,418.070
219197,200557323,200556893,5,249.853,73.233,61.086,560.341
219198,200552575,200557178,1,0.000,0.000,0.000,0.000
219198,200557178,200552575,1,3013.869,780.955,1186.087,5494.747
219199,200548555,200548716,1,0.000,0.000,0.000,0.000
219199,200548716,200548555,1,4928.807,1334.023,1673.363,9900.180
219200,200548201,200555816,5,243.717,99.449,94.690,530.139
219200,200555816,200548201,5,494.853,178.899,166.178,1192.296
219201,200548555,200559125,1,4928.807,1334.023,1673.363,9900.180
219201,200559125,200548555,1,0.000,0.000,0.000,0.000
219202,200547695,200549694,7,88.654,40.309,29.023,237.865
219202,200549694,200547695,7,111.016,48.546,47.038,252.796
219203,200557694,200561582,7,0.000,0.000,0.000,0.000
219203,200561582,200557694,7,0.000,0.000,0.000,0.000
219204,200548376,200552268,7,0.000,0.000,0.000,0.000
219204,200552268,200548376,7,0.000,0.000,0.000,0.000
219205,200559125,200559964,1,4928.807,1334.023,1673.363,9900.180
219205,200559964,200559125,1,0.000,0.000,0.000,0.000
219206,200551344,200551588,4,336.196,89.244,104.436,607.961
219206,200551588,200551344,4,505.057,145.639,124.686,1046.494
219207,200549200,200554670,7,181.105,50.027,58.032,328.304
219207,200554670,200549200,7,186.581,41.431,30.728,337.433
219208,200550096,200559964,1,0.000,0.000,0.000,0.000
219208,200559964,200550096,1,4928.807,1334.023,1673.363,9900.180
219209,200016122,200550096,1,0.000,0.000,0.000,0.000
219209,200550096,200016122,1,4928.807,1334.023,1673.363,9900.180
219210,200072188,200561489,30,0.000,0.000,0.000,0.000
219210,200561489,200072188,30,0.000,0.000,0.000,0.000
219211,200549379,200554901,1,2809.048,696.987,1154.685,5457.883
219211,200554901,200549379,1,0.000,0.000,0.000,0.000
219212,200079181,200561489,30,0.000,0.000,0.000,0.000
219212,200561489,200079181,30,0.000,0.000,0.000,0.000
219214,200554901,200560298,1,2809.048,696.987,1154.685,5457.883
219214,200560298,200554901,1,0.000,0.000,0.000,0.000
219215,200549389,200557034,1,3013.869,780.955,1186.087,5494.747
219215,200557034,200549389,1,0.000,0.000,0.000,0.000
219216,200554488,200556820,7,0.000,0.000,0.000,0.000
219216,200556820,200554488,7,0.000,0.000,0.000,0.000
219217,200556820,200559890,7,0.000,0.000,0.000,0.000
219217,200559890,200556820,7,0.000,0.000,0.000,0.000
219218,200554488,200559890,7,0.000,0.000,0.000,0.000
219218,200559890,200554488,7,0.000,0.000,0.000,0.000
219219,200547537,200560328,7,0.000,0.000,0.000,0.000
219219,200560328,200547537,7,0.000,0.000,0.000,0.000
219220,200553778,200556417,7,4.341,2.430,0.207,9.366
219220,200556417,200553778,7,3.954,2.510,2.307,9.788
219221,200547127,200549716,7,3.054,3.076,6.635,12.836
219221,200549716,200547127,7,4.187,2.104,2.792,12.976
219222,200552539,200558358,5,167.259,49.545,55.814,298.517
219222,200558358,200552539,5,151.896,40.587,30.076,294.260
219223,200556417,200557948,7,0.000,0.000,0.000,0.000
219223,200557948,200556417,7,0.000,0.000,0.000,0.000
219224,200556004,200559356,3,1027.414,286.899,192.632,1993.131
219224,200559356,200556004,3,1526.211,429.987,437.384,2893.295
219225,200558358,200561678,7,112.227,37.435,34.574,202.631
219225,200561678,200558358,7,105.049,22.049,16.687,203.155
219226,200547127,200558807,7,4.187,2.104,2.792,12.976
219226,200558807,200547127,7,3.054,3.076,6.635,12.836
219227,200559356,200561348,3,1027.414,286.899,192.632,1993.131
219227,200561348,200559356,3,1526.211,429.987,437.384,2893.295
219228,200554925,200561678,7,105.049,22.049,16.687,203.155
219228,200561678,200554925,7,112.227,37.435,34.574,202.631
219229,200547813,200552539,5,167.256,49.545,55.814,298.514
219229,200552539,200547813,5,151.909,40.588,30.077,294.275
219230,200558097,200559356,7,0.000,0.000,0.000,0.000
219230,200559356,200558097,7,0.000,0.000,0.000,0.000
219231,200548785,200561348,3,1526.211,429.987,437.384,2893.295
219231,200561348,200548785,3,1027.414,286.899,192.632,1993.131
219232,200550304,200551857,7,0.685,0.066,1.182,2.166
219232,200551857,200550304,7,0.078,0.003,0.004,0.113
219233,200548785,200555739,3,1027.414,286.899,192.632,1993.131
219233,200555739,200548785,3,1526.211,429.987,437.384,2893.295
219234,200548099,200551765,7,0.000,0.000,0.000,0.000
219234,200551765,200548099,7,0.000,0.000,0.000,0.000
219235,200551128,200556417,7,3.954,2.510,2.307,9.788
219235,200556417,200551128,7,4.341,2.430,0.207,9.366
219236,200551128,200551857,7,0.078,0.003,0.004,0.113
219236,200551857,200551128,7,0.685,0.066,1.182,2.166
219237,200554384,200555739,3,1526.211,429.987,437.384,2893.295
219237,200555739,200554384,3,1027.414,286.899,192.632,1993.131
219238,200547776,200550447,5,359.243,129.471,147.278,698.247
219238,200550447,200547776,5,342.541,90.494,53.631,699.024
219239,200549033,200555888,7,0.000,0.000,0.000,0.000
219239,200555888,200549033,7,0.000,0.000,0.000,0.000
219240,200558629,200558807,7,3.054,3.076,6.635,12.836
219240,200558807,200558629,7,4.187,2.104,2.792,12.976
219241,200552529,200559782,5,159.641,47.270,52.977,281.494
219241,200559782,200552529,5,147.347,36.827,25.516,280.269
219242,200551922,200557400,7,0.023,0.001,0.001,0.027
219242,200557400,200551922,7,0.021,0.001,0.001,0.027
219243,200550304,200559054,7,0.078,0.003,0.004,0.113
219243,200559054,200550304,7,0.685,0.066,1.182,2.166
219244,200549704,200551128,7,4.032,2.513,2.311,9.901
219244,200551128,200549704,7,5.026,2.496,1.389,11.533
219245,200555200,200557400,7,0.021,0.001,0.001,0.027
219245,200557400,200555200,7,0.023,0.001,0.001,0.027
219246,200549704,200555200,7,20.368,8.343,4.203,35.555
219246,200555200,200549704,7,21.433,2.991,2.717,36.211
219247,200554509,200559782,6,12.284,3.355,2.920,23.389
219247,200559782,200554509,6,9.230,4.841,4.645,20.376
219248,200551280,200554509,7,12.284,3.355,2.920,23.389
219248,200554509,200551280,7,9.230,4.841,4.645,20.376
219249,200552832,200554925,7,105.049,22.049,16.687,203.155
219249,200554925,200552832,7,112.227,37.435,34.574,202.631
219250,200553420,200558629,7,3.054,3.076,6.635,12.836
219250,200558629,200553420,7,4.187,2.104,2.792,12.976
219251,200553420,200556046,7,0.000,0.000,0.000,0.000
219251,200556046,200553420,7,0.000,0.000,0.000,0.000
219252,200554384,200557552,7,94.502,21.118,16.787,153.202
219252,200557552,200554384,7,85.364,11.317,7.271,152.911
219253,200551422,200557552,7,85.364,11.317,7.271,152.911
219253,200557552,200551422,7,94.502,21.118,16.787,153.202
219254,200547573,200557552,7,0.000,0.000,0.000,0.000
219254,200557552,200547573,7,0.000,0.000,0.000,0.000
219255,200551280,200552994,7,9.230,4.841,4.645,20.376
219255,200552994,200551280,7,12.284,3.355,2.920,23.389
219256,200554384,200558406,3,1026.657,279.480,188.782,1997.851
219256,200558406,200554384,3,1534.590,432.370,443.049,2898.305
219257,200551422,200554529,7,0.000,0.000,0.000,0.000
219257,200554529,200551422,7,0.000,0.000,0.000,0.000
219258,200551422,200554072,7,0.000,0.000,0.000,0.000
219258,200554072,200551422,7,0.000,0.000,0.000,0.000
219259,200547127,200552290,7,0.000,0.000,0.000,0.000
219259,200552290,200547127,7,0.000,0.000,0.000,0.000
219261,200551280,200553822,7,0.000,0.000,0.000,0.000
219261,200553822,200551280,7,0.000,0.000,0.000,0.000
219262,200549912,200558406,7,0.000,0.000,0.000,0.000
219262,200558406,200549912,7,0.000,0.000,0.000,0.000
219263,200553420,200555348,7,4.187,2.104,2.792,12.976
219263,200555348,200553420,7,3.054,3.076,6.635,12.836
219360,200017213,200066662,3,514.498,109.346,83.504,949.526
219360,200066662,200017213,3,661.131,210.586,229.438,1325.930
219361,200549353,200554161,3,661.131,210.586,229.438,1325.930
219361,200554161,200549353,3,719.965,151.265,122.468,1278.942
219362,200018612,200066662,3,661.131,210.586,229.438,1325.930
219362,200066662,200018612,3,719.965,151.265,122.468,1278.942
219364,200018612,200554161,3,719.965,151.265,122.468,1278.942
219364,200554161,200018612,3,661.131,210.586,229.438,1325.930
219366,200066662,200071306,30,0.000,0.000,0.000,0.000
219366,200071306,200066662,30,205.466,41.919,38.965,329.416
219367,200556393,200560298,1,0.000,0.000,0.000,0.000
219367,200560298,200556393,1,2809.048,696.987,1154.685,5457.883
219368,200549389,200554872,1,0.000,0.000,0.000,0.000
219368,200554872,200549389,1,3013.869,780.955,1186.087,5494.747
219369,200555616,200556393,1,0.000,0.000,0.000,0.000
219369,200556393,200555616,1,2809.048,696.987,1154.685,5457.883
219370,200071306,200556889,30,0.000,0.000,0.000,0.000
219370,200556889,200071306,30,205.466,41.919,38.965,329.416
219371,200550930,200555630,7,0.000,0.000,0.000,0.000
219371,200555630,200550930,7,0.000,0.000,0.000,0.000
219372,200555630,200561075,7,0.000,0.000,0.000,0.000
219372,200561075,200555630,7,0.000,0.000,0.000,0.000
219373,200547859,200560368,7,0.000,0.000,0.000,0.000
219373,200560368,200547859,7,0.000,0.000,0.000,0.000
219374,200551022,200560368,7,0.000,0.000,0.000,0.000
219374,200560368,200551022,7,0.000,0.000,0.000,0.000
219375,200018085,200561617,30,0.000,0.000,0.000,0.000
219375,200561617,200018085,30,707.564,139.937,277.500,1203.018
219376,200555773,200556518,7,0.000,0.000,0.000,0.000
219376,200556518,200555773,7,0.000,0.000,0.000,0.000
219377,200555546,200556518,5,0.000,0.000,0.000,0.000
219377,200556518,200555546,5,0.000,0.000,0.000,0.000
219378,200556518,200561234,7,0.000,0.000,0.000,0.000
219378,200561234,200556518,7,0.000,0.000,0.000,0.000
219379,200547999,200553426,7,0.000,0.000,0.000,0.000
219379,200553426,200547999,7,0.000,0.000,0.000,0.000
219380,200547999,200552729,7,0.000,0.000,0.000,0.000
219380,200552729,200547999,7,0.000,0.000,0.000,0.000
219381,200549503,200552729,5,75.737,20.592,15.780,125.422
219381,200552729,200549503,5,73.106,14.586,14.442,121.619
219382,200552729,200558135,5,75.737,20.592,15.780,125.422
219382,200558135,200552729,5,73.106,14.586,14.442,121.619
219383,200558135,200560962,5,75.737,20.592,15.780,125.422
219383,200560962,200558135,5,73.106,14.586,14.442,121.619
219384,200554275,200556607,7,0.000,0.000,0.000,0.000
219384,200556607,200554275,7,0.000,0.000,0.000,0.000
219385,200552868,200555519,1,3516.612,836.924,1432.186,6660.900
219385,200555519,200552868,1,0.000,0.000,0.000,0.000
219386,200558735,200560962,5,354.101,93.588,93.836,628.188
219386,200560962,200558735,5,300.272,66.349,60.080,546.963
219387,200553321,200558735,5,354.101,93.588,93.836,628.188
219387,200558735,200553321,5,300.272,66.349,60.080,546.963
219388,200553321,200554204,5,300.272,66.349,60.080,546.963
219388,200554204,200553321,5,354.101,93.588,93.836,628.188
219389,200553574,200553765,5,354.101,93.588,93.836,628.188
219389,200553765,200553574,5,300.272,66.349,60.080,546.963
